id,first_name,last_name,title
1,Shurlocke,Kliner,Rev
2,Cinnamon,Kneale,Mr
3,Melva,Jamblin,Rev
4,Pippy,Echalie,Ms
5,Mario,Snugg,Mrs
6,Marybelle,Salazar,Dr
7,Reyna,Bierman,Mr
8,Lev,Connikie,Mrs
9,Berne,Stellino,Mr
10,Frannie,Battin,Honorable
11,Prisca,Domb,Dr
12,Onfre,Caulwell,Dr
13,Nichole,Antognazzi,Honorable
14,Sandy,Gamble,Ms
15,Geoff,De Andreis,Rev
16,Angeline,Spear,Mrs
17,Rosalia,Croyden,Ms
18,Antin,Goodright,Mrs
19,Valeria,Seely,Dr
20,Kingsly,Dudley,Honorable
21,Marybeth,Toop,Mrs
22,Jonathan,McCard,Mr
23,Camey,Spraberry,Ms
24,Gabi,Pound,Honorable
25,Arabela,Sepey,Dr
26,Bab,Ganniclifft,Honorable
27,Ezequiel,Gentile,Ms
28,Sascha,Dorn,Mr
29,Kristal,Nornasell,Rev
30,Brock,Cauderlie,Ms
